<?xml version="1.0" encoding="UTF-8"?>
<!DOCTYPE suite SYSTEM "http://testng.org/testng-1.0.dtd">
<suite name="Suite">
  <test thread-count="5" name="Test">
    <classes>
      <class name="teazzers.testcases.service_technicians.TEAZ24ServTech_SearchbyTradeName"/>
      <class name="teazzers.testcases.locations.TEAZ20Location_SearchbyStateName"/>
      <class name="teazzers.testcases.parentcompanies.TEAZ02ParentCompany_SearchbyName"/>
      <class name="teazzers.testcases.contacts.TEAZ55Contacts_SearchbyLastName"/>
      <class name="teazzers.testcases.locations.TEAZ22Location_SearchbyPrimaryDisturbutor"/>
      <class name="teazzers.testcases.distributors.TEAZ36Distributors_SearchbyParentName"/>
      <class name="teazzers.testcases.contacts.TEAZ58Contacts_SearchbyEmail"/>
      <class name="teazzers.testcases.suppliers.TEAZ49Suppliers_SearchbyAccNum"/>
      <class name="teazzers.testcases.brokers.TEAZ42Brokers_SearchbyChannel"/>
      <class name="teazzers.testcases.locations.TEAZ19Location_SearchbyCityName"/>
      <class name="teazzers.testcases.parentcompanies.TEAZ05ParentCompany_SearchbyCityName"/>
      <class name="teazzers.testcases.parentcompanies.TEAZ06ParentCompany_SearchbyStateName"/>
      <class name="teazzers.testcases.locations.TEAZ15Location_SearchbyAccNum"/>
      <class name="teazzers.testcases.distributors.TEAZ35Distributors_SearchbyTradeName"/>
      <class name="teazzers.testcases.locations.TEAZ14Location_SearchbyName"/>
      <class name="teazzers.testcases.locations.TEAZ21Location_SearchbyPhoneNum"/>
      <class name="teazzers.testcases.service_technicians.TEAZ28ServTech_SearchbyStateName"/>
      <class name="teazzers.testcases.distributors.TEAZ34Distributors_SearchbyVendorNum"/>
      <class name="teazzers.testcases.brokers.TEAZ43Brokers_SearchbyFrequency"/>
      <class name="teazzers.testcases.suppliers.TEAZ48Suppliers_SearchbyName"/>
      <class name="teazzers.testcases.locations.TEAZ17Location_SearchbyParentName"/>
      <class name="teazzers.testcases.parentcompanies.TEAZ03ParentCompany_SearchbyAccNum"/>
      <class name="teazzers.testcases.service_technicians.TEAZ25ServTech_SearchbyParentName"/>
      <class name="teazzers.testcases.contacts.TEAZ57Contacts_SearchbyDepartment"/>
      <class name="teazzers.testcases.service_technicians.TEAZ27ServTech_SearchbyPhoneNum"/>
      <class name="teazzers.testcases.locations.TEAZ18Location_SearchbyServiceTechnician"/>
      <class name="teazzers.testcases.distributors.TEAZ33Distributors_SearchbyName"/>
      <class name="teazzers.testcases.locations.TEAZ16Location_SearchbyTradeName"/>
      <class name="teazzers.testcases.service_technicians.TEAZ23ServTech_SearchbyAccNum"/>
      <class name="teazzers.testcases.contacts.TEAZ56Contacts_SearchbyBusinessPartnr"/>
      <class name="teazzers.testcases.service_technicians.TEAZ26ServTech_SearchbyCityName"/>
      <class name="teazzers.testcases.parentcompanies.TEAZ04ParentCompany_SearchbyTradeName"/>
      <class name="teazzers.testcases.contacts.TEAZ54Contacts_SearchbyFirstName"/>
      <class name="teazzers.testcases.parentcompanies.TEAZ07ParentCompany_SearchbyPhoneNum"/>
      <class name="teazzers.testcases.brokers.TEAZ41Brokers_SearchbyName"/>
      <class name="teazzers.testcases.contacts.TEAZ59Contacts_SearchbyPhoneNum"/>
    </classes>
  </test> <!-- Test -->
</suite> <!-- Suite -->
